{
  "leicht": [
    {
      "frage": "Seit jeher haben die meisten…?",
      "antworten": [
        "Dober Männer",
        "Cocker Spaniels",
        "Schäfer Hunde",
        "Riesen Schnauzer"
      ],
      "richtig": "Schäfer Hunde"
    },
    {
      "frage": "Wer mit zunehmendem Alter an Klugheit und Lebenserfahrung gewinnt, wird mit der…?",
      "antworten": [
        "Zeit weise",
        "Zeitreise",
        "Zeitweise",
        "Zeit reise"
      ],
      "richtig": "Zeit weise"
    },
    {
      "frage": "Wenn es schlecht läuft sind die Zeiten…?",
      "antworten": [
        "Lausig",
        "Saftig",
        "Knusprig",
        "Flauschig"
      ],
      "richtig": "Lausig"
    },
    {
      "frage": "Wem „Gemälde“ schon zu hochgestochen klingt, der sagt…?",
      "antworten": [
        "Ab „Klatsch“",
        "Doppel „Gänger“",
        "Eben „Bild“",
        "Zwil „ling“"
      ],
      "richtig": "Eben „Bild“"
    },
    {
      "frage": "Liebevoll, innig – oder auch…?",
      "antworten": [
        "Herzlich",
        "Hitzig",
        "Bissig",
        "schmerzlich"
      ],
      "richtig": "Herzlich"
    },
    {
      "frage": "Welches Tier bellt?",
      "antworten": [
        "Hund",
        "Katze",
        "Hase",
        "Pferd"
      ],
      "richtig": "Hund"
    },
    {
      "frage": "Welches ist ein deutsches Bundesland?",
      "antworten": [
        "Bayern",
        "Alaska",
        "Paris",
        "Tokio"
      ],
      "richtig": "Bayern"
    },
    {
      "frage": "Welcher Monat hat 28 oder 29 Tage?",
      "antworten": [
        "Februar",
        "Juni",
        "Dezember",
        "Oktober"
      ],
      "richtig": "Februar"
    },
    {
      "frage": "Welches Gemüse ist orange?",
      "antworten": [
        "Karotte",
        "Brokkoli",
        "Blumenkohl",
        "Zwiebel"
      ],
      "richtig": "Karotte"
    },
    {
      "frage": "Welches Tier ist für seinen langen Hals bekannt?",
      "antworten": [
        "Giraffe",
        "Löwe",
        "Hund",
        "Wal"
      ],
      "richtig": "Giraffe"
    },
    {
      "frage": "Wer spielt Harry Potter?",
      "antworten": [
        "Daniel Radcliffe",
        "Johnny Depp",
        "Tom Cruise",
        "Brad Pitt"
      ],
      "richtig": "Daniel Radcliffe"
    },
    {
      "frage": "Welcher dieser Filme ist ein Pixar-Animationsfilm?",
      "antworten": [
        "Toy Story",
        "Titanic",
        "Avatar",
        "Matrix"
      ],
      "richtig": "Toy Story"
    },
    {
      "frage": "Welcher Sender zeigt „Tagesschau“?",
      "antworten": [
        "ARD",
        "RTL",
        "Sat.1",
        "ProSieben"
      ],
      "richtig": "ARD"
    },
    {
      "frage": "Welcher Charakter ist kein Superheld?",
      "antworten": [
        "Spider-Man",
        "Batman",
        "Iron Man",
        "Donald Duck"
      ],
      "richtig": "Donald Duck"
    },
    {
      "frage": "Welcher dieser Filme wurde von Walt Disney produziert?",
      "antworten": [
        "Der König der Löwen",
        "Der Pate",
        "The Matrix",
        "Jumanji"
      ],
      "richtig": "Der König der Löwen"
    },
    {
      "frage": "Welcher Sport verwendet einen Schläger und einen kleinen gelben Ball?",
      "antworten": [
        "Tennis",
        "Fußball",
        "Golf",
        "Handball"
      ],
      "richtig": "Tennis"
    },
    {
      "frage": "Welcher dieser Sportler ist ein Fußballspieler?",
      "antworten": [
        "Lionel Messi",
        "Roger Federer",
        "Michael Jordan",
        "Michael Schumacher"
      ],
      "richtig": "Lionel Messi"
    },
    {
      "frage": "Welcher Verein ist bekannt für den FC Bayern?",
      "antworten": [
        "München",
        "Dortmund",
        "Frankfurt",
        "Leipzig"
      ],
      "richtig": "München"
    },
    {
      "frage": "Welcher Sport wird im Wasser ausgeübt?",
      "antworten": [
        "Schwimmen",
        "Skifahren",
        "Tennis",
        "Boxen"
      ],
      "richtig": "Schwimmen"
    },
    {
      "frage": "Welcher Kontinent richtete die FIFA Fußball-WM 2022 aus?",
      "antworten": [
        "Asien",
        "Afrika",
        "Europa",
        "Australien"
      ],
      "richtig": "Asien"
    },
    {
      "frage": "Welches Tier miaut?",
      "antworten": [
        "Katze",
        "Hund",
        "Kuh",
        "Schwein"
      ],
      "richtig": "Katze"
    },
    {
      "frage": "Welches Tier kann fliegen?",
      "antworten": [
        "Taube",
        "Elefant",
        "Wal",
        "Krokodil"
      ],
      "richtig": "Taube"
    },
    {
      "frage": "Welches Tier legt Eier?",
      "antworten": [
        "Huhn",
        "Hund",
        "Pferd",
        "Affe"
      ],
      "richtig": "Huhn"
    },
    {
      "frage": "Welches Tier ist ein Haustier?",
      "antworten": [
        "Kaninchen",
        "Löwe",
        "Walross",
        "Hai"
      ],
      "richtig": "Kaninchen"
    },
    {
      "frage": "Welches Tier hat einen Rüssel?",
      "antworten": [
        "Elefant",
        "Giraffe",
        "Känguru",
        "Schildkröte"
      ],
      "richtig": "Elefant"
    },
    {
      "frage": "Welches Element ist notwendig zum Atmen?",
      "antworten": [
        "Sauerstoff",
        "Helium",
        "Wasserstoff",
        "Neon"
      ],
      "richtig": "Sauerstoff"
    },
    {
      "frage": "Welcher Planet ist der „Rote Planet“?",
      "antworten": [
        "Mars",
        "Venus",
        "Jupiter",
        "Saturn"
      ],
      "richtig": "Mars"
    },
    {
      "frage": "Welches ist ein Nadelbaum?",
      "antworten": [
        "Tanne",
        "Apfelbaum",
        "Birke",
        "Kastanie"
      ],
      "richtig": "Tanne"
    },
    {
      "frage": "Welcher Stoff ist für Photosynthese wichtig?",
      "antworten": [
        "Chlorophyll",
        "Eisen",
        "Magnesium",
        "Salz"
      ],
      "richtig": "Chlorophyll"
    },
    {
      "frage": "Welcher Kontinent ist der kälteste?",
      "antworten": [
        "Antarktis",
        "Afrika",
        "Asien",
        "Europa"
      ],
      "richtig": "Antarktis"
    },
    {
      "frage": "Welches dieser Wörter ist ein Verb?",
      "antworten": [
        "Laufen",
        "Haus",
        "Grün",
        "Stuhl"
      ],
      "richtig": "Laufen"
    },
    {
      "frage": "Welches dieser Zeichen beendet einen Aussagesatz?",
      "antworten": [
        "Punkt",
        "Komma",
        "Ausrufezeichen",
        "Doppelpunkt"
      ],
      "richtig": "Punkt"
    },
    {
      "frage": "Welches der Wörter ist ein Substantiv?",
      "antworten": [
        "Hund",
        "Laufen",
        "Schön",
        "Schnell"
      ],
      "richtig": "Hund"
    },
    {
      "frage": "Welches der Wörter beschreibt eine Eigenschaft?",
      "antworten": [
        "Groß",
        "Auto",
        "Buch",
        "Tisch"
      ],
      "richtig": "Groß"
    },
    {
      "frage": "Welches dieser Instrumente hat Tasten?",
      "antworten": [
        "Klavier",
        "Gitarre",
        "Trompete",
        "Schlagzeug"
      ],
      "richtig": "Klavier"
    },
    {
      "frage": "Welcher dieser Musiker war ein berühmter Komponist?",
      "antworten": [
        "Beethoven",
        "Elvis Presley",
        "Michael Jackson",
        "Ed Sheeran"
      ],
      "richtig": "Beethoven"
    },
    {
      "frage": "Welcher dieser Musikstile entstand in Jamaika?",
      "antworten": [
        "Reggae",
        "Rock",
        "Jazz",
        "Oper"
      ],
      "richtig": "Reggae"
    },
    {
      "frage": "Welcher Sänger wurde „King of Pop“ genannt?",
      "antworten": [
        "Michael Jackson",
        "Freddie Mercury",
        "David Bowie",
        "Bob Dylan"
      ],
      "richtig": "Michael Jackson"
    },
    {
      "frage": "Welches dieser Lieder ist eine bekannte Kinderweise?",
      "antworten": [
        "Alle meine Entchen",
        "Highway to Hell",
        "Bohemian Rhapsody",
        "Smells Like Teen Spirit"
      ],
      "richtig": "Alle meine Entchen"
    },
    {
      "frage": "Welches Land hat keinen Zugang zum Meer?",
      "antworten": [
        "Schweiz",
        "Italien",
        "Griechenland",
        "Spanien"
      ],
      "richtig": "Schweiz"
    },
    {
      "frage": "Welcher dieser Flüsse fließt durch Deutschland?",
      "antworten": [
        "Rhein",
        "Nil",
        "Amazonas",
        "Ganges"
      ],
      "richtig": "Rhein"
    },
    {
      "frage": "Welcher Kontinent ist der größte?",
      "antworten": [
        "Asien",
        "Europa",
        "Afrika",
        "Australien"
      ],
      "richtig": "Asien"
    },
    {
      "frage": "Welches dieser Länder gehört zur EU?",
      "antworten": [
        "Frankreich",
        "Norwegen",
        "Schweiz",
        "Island"
      ],
      "richtig": "Frankreich"
    },
    {
      "frage": "Welcher dieser Städte ist die Hauptstadt von Italien?",
      "antworten": [
        "Rom",
        "Athen",
        "Paris",
        "Madrid"
      ],
      "richtig": "Rom"
    },
    {
      "frage": "Welcher dieser Menschen war der erste Mann im Weltraum?",
      "antworten": [
        "Juri Gagarin",
        "Neil Armstrong",
        "Buzz Aldrin",
        "Alan Shepard"
      ],
      "richtig": "Juri Gagarin"
    },
    {
      "frage": "Welcher dieser Menschen war ein deutscher Dichter?",
      "antworten": [
        "Goethe",
        "Shakespeare",
        "Mark Twain",
        "Victor Hugo"
      ],
      "richtig": "Goethe"
    },
    {
      "frage": "Welches dieser Ereignisse geschah 1989?",
      "antworten": [
        "Mauerfall",
        "Mondlandung",
        "Titanic sinkt",
        "Euroeinführung"
      ],
      "richtig": "Mauerfall"
    },
    {
      "frage": "Welches dieser Länder war am 2. Weltkrieg beteiligt?",
      "antworten": [
        "Deutschland",
        "Kanada",
        "Schweiz",
        "Brasilien"
      ],
      "richtig": "Deutschland"
    },
    {
      "frage": "Welcher dieser Menschen war ein berühmter Maler?",
      "antworten": [
        "Vincent van Gogh",
        "Albert Einstein",
        "Martin Luther King Jr.",
        "Neil Armstrong"
      ],
      "richtig": "Vincent van Gogh"
    },
    {
      "frage": "Welcher dieser Menschen war ein berühmter Physiker?",
      "antworten": [
        "Albert Einstein",
        "Elon Musk",
        "Steve Jobs",
        "Mark Zuckerberg"
      ],
      "richtig": "Albert Einstein"
    },
    {
      "frage": "Welcher dieser Menschen gründete Facebook?",
      "antworten": [
        "Mark Zuckerberg",
        "Jeff Bezos",
        "Steve Jobs",
        "Elon Musk"
      ],
      "richtig": "Mark Zuckerberg"
    },
    {
      "frage": "Welcher dieser Menschen war der erste US-Präsident?",
      "antworten": [
        "George Washington",
        "Abraham Lincoln",
        "John F. Kennedy",
        "Joe Biden"
      ],
      "richtig": "George Washington"
    },
    {
      "frage": "Welcher dieser Menschen war eine bekannte britische Königin?",
      "antworten": [
        "Elisabeth II.",
        "Angela Merkel",
        "Margaret Thatcher",
        "Kamala Harris"
      ],
      "richtig": "Elisabeth II."
    },
    {
      "frage": "Welcher dieser Menschen war ein berühmter Musiker?",
      "antworten": [
        "Wolfgang Amadeus Mozart",
        "Ernest Hemingway",
        "Albert Einstein",
        "Thomas Edison"
      ],
      "richtig": "Wolfgang Amadeus Mozart"
    },
    {
      "frage": "Welches dieser Dinge ist ein Küchengerät?",
      "antworten": [
        "Toaster",
        "Sessel",
        "Lampe",
        "Spiegel"
      ],
      "richtig": "Toaster"
    },
    {
      "frage": "Welches dieser Dinge ist eine Frucht?",
      "antworten": [
        "Apfel",
        "Karotte",
        "Salat",
        "Reis"
      ],
      "richtig": "Apfel"
    },
    {
      "frage": "Welches dieser Dinge braucht man zum Schreiben?",
      "antworten": [
        "Stift",
        "Tasse",
        "Teller",
        "Kissen"
      ],
      "richtig": "Stift"
    },
    {
      "frage": "Welches dieser Dinge ist ein Möbelstück?",
      "antworten": [
        "Tisch",
        "Smartphone",
        "Buch",
        "Koffer"
      ],
      "richtig": "Tisch"
    },
    {
      "frage": "Welches dieser Dinge dient zur Kommunikation?",
      "antworten": [
        "Telefon",
        "Backofen",
        "Hammer",
        "Wasserkocher"
      ],
      "richtig": "Telefon"
    },
    {
      "frage": "Welches dieser Länder richtet das Oktoberfest aus?",
      "antworten": [
        "Deutschland",
        "Italien",
        "Spanien",
        "Polen"
      ],
      "richtig": "Deutschland"
    },
    {
      "frage": "Welches dieser Feste ist am 25. Dezember?",
      "antworten": [
        "Weihnachten",
        "Ostern",
        "Karneval",
        "Silvester"
      ],
      "richtig": "Weihnachten"
    },
    {
      "frage": "Welches dieser Symbole steht für Liebe?",
      "antworten": [
        "Herz",
        "Kreuz",
        "Stern",
        "Dreieck"
      ],
      "richtig": "Herz"
    },
    {
      "frage": "Welches dieser Lebensmittel ist ein Milchprodukt?",
      "antworten": [
        "Käse",
        "Apfel",
        "Karotte",
        "Salat"
      ],
      "richtig": "Käse"
    },
    {
      "frage": "Welches dieser Kleidungsstücke zieht man im Winter an?",
      "antworten": [
        "Mantel",
        "Badehose",
        "Sandale",
        "Tanktop"
      ],
      "richtig": "Mantel"
    },
    {
      "frage": "Welches dieser Materialien verwendet man zur Herstellung von Kleidung?",
      "antworten": [
        "Baumwolle",
        "Stahl",
        "Glas",
        "Plastik"
      ],
      "richtig": "Baumwolle"
    },
    {
      "frage": "Welches dieser Accessoires trägt man am Handgelenk?",
      "antworten": [
        "Uhr",
        "Ring",
        "Kette",
        "Mütze"
      ],
      "richtig": "Uhr"
    },
    {
      "frage": "Welches dieser Dinge verwendet man zum Schminken?",
      "antworten": [
        "Lippenstift",
        "Schraubenzieher",
        "Bohrer",
        "Hammer"
      ],
      "richtig": "Lippenstift"
    },
    {
      "frage": "Welcher dieser Filme wurde durch Pixar produziert?",
      "antworten": [
        "Findet Nemo",
        "Star Wars",
        "Terminator",
        "Avatar"
      ],
      "richtig": "Findet Nemo"
    },
    {
      "frage": "Welcher dieser Menschen war ein deutscher Komiker?",
      "antworten": [
        "Otto Waalkes",
        "Albert Einstein",
        "Boris Becker",
        "Ludwig van Beethoven"
      ],
      "richtig": "Otto Waalkes"
    },
    {
      "frage": "Welcher dieser Schauspieler war in „Fluch der Karibik“ zu sehen?",
      "antworten": [
        "Johnny Depp",
        "Brad Pitt",
        "Will Smith",
        "Tom Hanks"
      ],
      "richtig": "Johnny Depp"
    },
    {
      "frage": "Welches dieser Fahrzeuge hat nur zwei Räder?",
      "antworten": [
        "Motorrad",
        "Auto",
        "Zug",
        "Flugzeug"
      ],
      "richtig": "Motorrad"
    },
    {
      "frage": "Welches dieser Unternehmen ist für das iPhone bekannt?",
      "antworten": [
        "Apple",
        "Microsoft",
        "Samsung",
        "LG"
      ],
      "richtig": "Apple"
    },
    {
      "frage": "Welcher dieser Feiertage fällt auf den 1. Januar?",
      "antworten": [
        "Neujahr",
        "Weihnachten",
        "Ostern",
        "Karneval"
      ],
      "richtig": "Neujahr"
    },
    {
      "frage": "Welches dieser Feste ist bekannt für bunte Umzüge?",
      "antworten": [
        "Karneval",
        "Ostern",
        "Pfingsten",
        "Fronleichnam"
      ],
      "richtig": "Karneval"
    },
    {
      "frage": "Welches dieser Verkehrsmittel fährt unter der Erde?",
      "antworten": [
        "U-Bahn",
        "Taxi",
        "Bus",
        "Fahrrad"
      ],
      "richtig": "U-Bahn"
    },
    {
      "frage": "Welches dieser Symbole verwendet man bei einer Email-Adresse?",
      "antworten": [
        "@",
        "#",
        "&",
        "$"
      ],
      "richtig": "@"
    },
    {
      "frage": "Welches dieser Tiere kann nicht fliegen?",
      "antworten": [
        "Pinguin",
        "Schwalbe",
        "Taube",
        "Papagei"
      ],
      "richtig": "Pinguin"
    },
    {
      "frage": "Welcher dieser Kontinente hat die meisten Menschen?",
      "antworten": [
        "Asien",
        "Afrika",
        "Europa",
        "Südamerika"
      ],
      "richtig": "Asien"
    },
    {
      "frage": "Welcher dieser Berufe arbeitet im Krankenhaus?",
      "antworten": [
        "Arzt",
        "Maurer",
        "Polizist",
        "Friseur"
      ],
      "richtig": "Arzt"
    },
    {
      "frage": "Welches dieser Dinge verwendet man zum Zähneputzen?",
      "antworten": [
        "Zahnbürste",
        "Kamm",
        "Löffel",
        "Gabel"
      ],
      "richtig": "Zahnbürste"
    },
    {
      "frage": "Welches dieser Instrumente hat Saiten?",
      "antworten": [
        "Gitarre",
        "Klavier",
        "Trompete",
        "Trommel"
      ],
      "richtig": "Gitarre"
    },
    {
      "frage": "Welcher dieser Menschen war der erste Mensch auf dem Mond?",
      "antworten": [
        "Neil Armstrong",
        "Juri Gagarin",
        "Alan Shepard",
        "John Glenn"
      ],
      "richtig": "Neil Armstrong"
    },
    {
      "frage": "Welches dieser Länder gehört zur Europäischen Union?",
      "antworten": [
        "Deutschland",
        "Norwegen",
        "Schweiz",
        "Island"
      ],
      "richtig": "Deutschland"
    },
    {
      "frage": "Welches dieser Tiere lebt im Wasser?",
      "antworten": [
        "Delfin",
        "Pferd",
        "Hund",
        "Löwe"
      ],
      "richtig": "Delfin"
    },
    {
      "frage": "Welches dieser Musikinstrumente verwendet einen Bogen?",
      "antworten": [
        "Geige",
        "Trompete",
        "Klavier",
        "Schlagzeug"
      ],
      "richtig": "Geige"
    },
    {
      "frage": "Welcher Tag ist ein Feiertag in Deutschland?",
      "antworten": [
        "3. Oktober",
        "4. Juli",
        "17. März",
        "5. Mai"
      ],
      "richtig": "3. Oktober"
    },
    {
      "frage": "Welcher dieser Kontinente ist der kleinste?",
      "antworten": [
        "Australien",
        "Asien",
        "Afrika",
        "Europa"
      ],
      "richtig": "Australien"
    },
    {
      "frage": "Welches Tier ist ein Nagetier?",
      "antworten": [
        "Maus",
        "Hund",
        "Pferd",
        "Schaf"
      ],
      "richtig": "Maus"
    },
    {
      "frage": "Welcher dieser Menschen war ein berühmter Regisseur?",
      "antworten": [
        "Steven Spielberg",
        "Elon Musk",
        "Jeff Bezos",
        "Michael Schumacher"
      ],
      "richtig": "Steven Spielberg"
    },
    {
      "frage": "Welcher dieser Filme spielt in der Zukunft?",
      "antworten": [
        "Die Truman Show",
        "Sissi",
        "Interstellar",
        "Das Leben der Anderen"
      ],
      "richtig": "Interstellar"
    },
    {
      "frage": "Welcher dieser Filme handelt von einem Zauberlehrling?",
      "antworten": [
        "Harry Potter",
        "James Bond",
        "Indiana Jones",
        "Mission Impossible"
      ],
      "richtig": "Harry Potter"
    },
    {
      "frage": "Welches dieser Dinge verwendet man zum Trinken?",
      "antworten": [
        "Glas",
        "Kissen",
        "Bildschirm",
        "Lampe"
      ],
      "richtig": "Glas"
    },
    {
      "frage": "Welcher dieser Berufe arbeitet in einer Schule?",
      "antworten": [
        "Lehrer",
        "Pilot",
        "Polizist",
        "Metzger"
      ],
      "richtig": "Lehrer"
    },
    {
      "frage": "Welches dieser Länder ist ein Nachbarland von Deutschland?",
      "antworten": [
        "Polen",
        "Japan",
        "Brasilien",
        "Australien"
      ],
      "richtig": "Polen"
    },
    {
      "frage": "Welches dieser Feste feiert man im Frühling?",
      "antworten": [
        "Ostern",
        "Weihnachten",
        "Karneval",
        "Silvester"
      ],
      "richtig": "Ostern"
    },
    {
      "frage": "Welches dieser Tiere kann besonders schnell rennen?",
      "antworten": [
        "Gepard",
        "Schildkröte",
        "Faultier",
        "Pinguin"
      ],
      "richtig": "Gepard"
    },
    {
      "frage": "Welcher dieser Berufe repariert Autos?",
      "antworten": [
        "Mechaniker",
        "Friseur",
        "Lehrer",
        "Maler"
      ],
      "richtig": "Mechaniker"
    },
    {
      "frage": "Welcher dieser Kontinente besteht hauptsächlich aus Eis?",
      "antworten": [
        "Antarktis",
        "Europa",
        "Asien",
        "Afrika"
      ],
      "richtig": "Antarktis"
    },
    {
      "frage": "Welches dieser Feste feiert man am 31. Oktober?",
      "antworten": [
        "Halloween",
        "Weihnachten",
        "Karneval",
        "Ostern"
      ],
      "richtig": "Halloween"
    }
  ],
  "mittel": [
    {
      "frage": "Welcher Planet unseres Sonnensystems ist am weitesten von der Sonne entfernt?",
      "antworten": ["Neptun", "Mars", "Saturn", "Venus"],
      "richtig": "Neptun"
    },
    {
      "frage": "Welcher Ozean ist der größte der Erde?",
      "antworten": ["Pazifik", "Atlantik", "Indischer Ozean", "Arktis"],
      "richtig": "Pazifik"
    },
    {
      "frage": "Welches Land hat die höchste Durchschnittshöhe der Welt?",
      "antworten": ["Bhutan", "Nepal", "Schweiz", "Bolivien"],
      "richtig": "Bhutan"
    },
    {
      "frage": "Welcher dieser Flüsse durchquert die meisten Länder?",
      "antworten": ["Donau", "Nil", "Amazonas", "Mekong"],
      "richtig": "Donau"
    },
    {
      "frage": "Welches ist der tiefste bekannte See der Erde?",
      "antworten": ["Baikalsee", "Victoriasee", "Titicacasee", "Malawisee"],
      "richtig": "Baikalsee"
    },
    {
      "frage": "Welcher dieser Staaten hat keine eigene Küste?",
      "antworten": ["Paraguay", "Chile", "Peru", "Ecuador"],
      "richtig": "Paraguay"
    },
    {
      "frage": "Welcher dieser Städte befindet sich südlich des Äquators?",
      "antworten": ["São Paulo", "MexikoStadt", "Kairo", "Miami"],
      "richtig": "São Paulo"
    },
    {
      "frage": "Welcher dieser Kontinente bewegt sich am schnellsten durch die Plattentektonik?",
      "antworten": ["Australien", "Afrika", "Europa", "Antarktis"],
      "richtig": "Australien"
    },
    {
      "frage": "Welcher dieser Wüsten ist der größte?",
      "antworten": ["Antarktis", "Sahara", "Gobi", "Atacama"],
      "richtig": "Antarktis"
    },
    {
      "frage": "Welcher dieser Städte wurde auf sieben Hügeln erbaut?",
      "antworten": ["Rom", "Athen", "Lissabon", "Istanbul"],
      "richtig": "Rom"
    },
    {
      "frage": "Welcher dieser Berge ist der höchste außerhalb Asiens?",
      "antworten": ["Aconcagua", "McKinley", "Elbrus", "Kilimandscharo"],
      "richtig": "Aconcagua"
    },
    {
      "frage": "Welcher dieser Staaten hat eine Monarchie?",
      "antworten": ["Bhutan", "Nepal", "Sri Lanka", "Myanmar"],
      "richtig": "Bhutan"
    },
    {
      "frage": "Welcher dieser Orte ist der tiefste Punkt der Erdoberfläche an Land?",
      "antworten": ["Totes Meer", "Death Valley", "Kaspisches Meer", "AtacamaWüste"],
      "richtig": "Totes Meer"
    },
    {
      "frage": "Welcher dieser Ozeane ist der kleinste?",
      "antworten": ["Arktischer Ozean", "Indischer Ozean", "Atlantischer Ozean", "Pazifischer Ozean"],
      "richtig": "Arktischer Ozean"
    },
    {
      "frage": "Welcher der folgenden Feldherren siegte bei Austerlitz?",
      "antworten": ["Napoleon Bonaparte", "Dschingis Khan", "Alexander der Große", "Hannibal"],
      "richtig": "Napoleon Bonaparte"
    },
    {
      "frage": "Welcher dieser Könige wurde durch die Magna Carta zur Aufgabe von Macht gezwungen?",
      "antworten": ["Johann Ohneland", "Heinrich VIII.", "Richard Löwenherz", "Wilhelm der Eroberer"],
      "richtig": "Johann Ohneland"
    },
    {
      "frage": "Welcher dieser Verträge beendete den Dreißigjährigen Krieg?",
      "antworten": ["Westfälischer Friede", "Versailler Vertrag", "Wiener Kongress", "Pariser Abkommen"],
      "richtig": "Westfälischer Friede"
    },
    {
      "frage": "Welcher dieser Imperien existierte am längsten?",
      "antworten": ["Byzantinisches Reich", "Osmanisches Reich", "Römisches Reich", "Mongolenreich"],
      "richtig": "Byzantinisches Reich"
    },
    {
      "frage": "Welcher dieser Philosophen war ein Lehrer Alexanders des Großen?",
      "antworten": ["Aristoteles", "Platon", "Sokrates", "Epikur"],
      "richtig": "Aristoteles"
    },
    {
      "frage": "Welcher dieser chinesischen Dynastien wurde durch Dschingis Khan gestürzt?",
      "antworten": ["JinDynastie", "MingDynastie", "QingDynastie", "HanDynastie"],
      "richtig": "JinDynastie"
    },
    {
      "frage": "Welcher dieser USPräsidenten war nie gewählter Präsident?",
      "antworten": ["Gerald Ford", "John F. Kennedy", "Lyndon B. Johnson", "Richard Nixon"],
      "richtig": "Gerald Ford"
    },
    {
      "frage": "Welcher dieser Monarchen regierte am längsten?",
      "antworten": ["Ludwig XIV.", "Königin Victoria", "Elizabeth II.", "Franz Joseph I."],
      "richtig": "Ludwig XIV."
    },
    {
      "frage": "Welcher dieser Gelehrten wurde durch die Inquisition verurteilt?",
      "antworten": ["Galileo Galilei", "Isaac Newton", "René Descartes", "Gottfried Wilhelm Leibniz"],
      "richtig": "Galileo Galilei"
    },
    {
      "frage": "Welcher dieser Pharaonen herrschte zur Zeit der Erbauung der CheopsPyramide?",
      "antworten": ["Cheops (Khufu)", "Ramses II.", "Tutanchamun", "Echnaton"],
      "richtig": "Cheops (Khufu)"
    },
    {
      "frage": "Welcher dieser Staatsmänner sprach das berühmte „Blut, Schweiß und Tränen“?",
      "antworten": ["Winston Churchill", "Charles de Gaulle", "Franklin D. Roosevelt", "Josef Stalin"],
      "richtig": "Winston Churchill"
    },
    {
      "frage": "Welcher dieser Kriege wurde durch den Prager Fenstersturz ausgelöst?",
      "antworten": ["Dreißigjähriger Krieg", "Siebenjähriger Krieg", "Deutsch‐Französischer Krieg", "Spanischer Erbfolgekrieg"],
      "richtig": "Dreißigjähriger Krieg"
    },
    {
      "frage": "Welcher dieser Reiche wurde durch Atatürk 1923 abgelöst?",
      "antworten": ["Osmanisches Reich", "Habsburger Reich", "Römisches Reich", "Byzantinisches Reich"],
      "richtig": "Osmanisches Reich"
    },
    {
      "frage": "Welcher Elefant trägt Birkenstocks?",
      "antworten": ["Lirili Larila", "Brr Brr Patapim", "Cappucino Assasino", "Tralalero Tralala"],
      "richtig": "Lirili Larila"
    },
    {
      "frage": "Welcher dieser Städte wurde durch den Vesuvausbruch im Jahr 79 n. Chr. zerstört?",
      "antworten": ["Pompeji", "Athen", "Karthago", "Byzanz"],
      "richtig": "Pompeji"
    },
    {
      "frage": "Welcher dieser Diktatoren regierte in den 1970er Jahren Uganda?",
      "antworten": ["Idi Amin", "Mobutu Sese Seko", "Pol Pot", "Augusto Pinochet"],
      "richtig": "Idi Amin"
    },
    {
      "frage": "Welcher dieser Mathematiker entwickelte die Infinitesimalrechnung?",
      "antworten": ["Isaac Newton", "Alan Turing", "Carl Friedrich Gauss", "Henri Poincaré"],
      "richtig": "Isaac Newton"
    },
    {
      "frage": "Welches dieser Elemente ist am häufigsten in der Erdkruste?",
      "antworten": ["Sauerstoff", "Eisen", "Silizium", "Aluminium"],
      "richtig": "Sauerstoff"
    },
    {
      "frage": "Welcher dieser Physiker entwickelte das Modell der Quantenzahlen?",
      "antworten": ["Niels Bohr", "Albert Einstein", "Max Planck", "Werner Heisenberg"],
      "richtig": "Niels Bohr"
    },
    {
      "frage": "Welches dieser Moleküle ist ein Polysaccharid?",
      "antworten": ["Stärke", "Ethanol", "Harnstoff", "Aceton"],
      "richtig": "Stärke"
    },
    {
      "frage": "Welches dieser Partikel gehört zur Familie der Leptonen?",
      "antworten": ["Elektron", "Neutron", "Proton", "Meson"],
      "richtig": "Elektron"
    },
    {
      "frage": "Welcher dieser Werte beschreibt das Verhältnis von Kreisumfang zu Durchmesser?",
      "antworten": ["π (Pi)", "e (EulerZahl)", "φ (Goldener Schnitt)", "i (Imaginäre Einheit)"],
      "richtig": "π (Pi)"
    },
    {
      "frage": "Welcher dieser Planeten hat die größte Dichte?",
      "antworten": ["Erde", "Jupiter", "Neptun", "Uranus"],
      "richtig": "Erde"
    },
    {
      "frage": "Welcher dieser Physiker entwickelte das „FermiParadoxon“?",
      "antworten": ["Enrico Fermi", "Niels Bohr", "Richard Feynman", "Erwin Schrödinger"],
      "richtig": "Enrico Fermi"
    },
    {
      "frage": "Welcher dieser Astronomen entwickelte das heliozentrische Weltbild?",
      "antworten": ["Nikolaus Kopernikus", "Galileo Galilei", "Tycho Brahe", "Johannes Kepler"],
      "richtig": "Nikolaus Kopernikus"
    },
    {
      "frage": "Welcher dieser Polymere dient zur Herstellung von PET-Flaschen?",
      "antworten": ["Polyethylenterephthalat", "Polystyrol", "Polymilchsäure", "Polyvinylchlorid"],
      "richtig": "Polyethylenterephthalat"
    },
    {
      "frage": "Welcher dieser Werte beschreibt die Lichtgeschwindigkeit im Vakuum?",
      "antworten": ["299.792 km/s", "150.000 km/s", "1.080.000 km/h", "9,81 m/s²"],
      "richtig": "299.792 km/s"
    },
    {
      "frage": "Welcher dieser bekannten Mathematiker entwickelte das Koordinatensystem?",
      "antworten": ["René Descartes", "Pierre de Fermat", "Gottfried Wilhelm Leibniz", "Carl Friedrich Gauss"],
      "richtig": "René Descartes"
    },
    {
      "frage": "Welcher dieser Wissenschaftler entdeckte den photoelektrischen Effekt?",
      "antworten": ["Albert Einstein", "Max Planck", "Niels Bohr", "Ernest Rutherford"],
      "richtig": "Albert Einstein"
    },
    {
      "frage": "Welcher dieser bekannten Mathematiker entwickelte den „Satz des Pythagoras“?",
      "antworten": ["Pythagoras", "Archimedes", "Euklid", "Aristoteles"],
      "richtig": "Pythagoras"
    },
    {
      "frage": "Welcher dieser Elemente hat die Ordnungszahl 79?",
      "antworten": ["Gold", "Eisen", "Platin", "Silber"],
      "richtig": "Gold"
    },
    {
      "frage": "Welcher dieser Komponisten schrieb „Tristan und Isolde“?",
      "antworten": ["Richard Wagner", "Giuseppe Verdi", "Gustav Mahler", "Frédéric Chopin"],
      "richtig": "Richard Wagner"
    },
    {
      "frage": "Welcher dieser Maler gehörte zur Barock-Epoche?",
      "antworten": ["Caravaggio", "Vincent van Gogh", "Claude Monet", "Salvador Dalí"],
      "richtig": "Caravaggio"
    },
    {
      "frage": "Welcher dieser Schriftsteller verfasste „Ulysses“?",
      "antworten": ["James Joyce", "Ernest Hemingway", "William Faulkner", "F. Scott Fitzgerald"],
      "richtig": "James Joyce"
    },
    {
      "frage": "Welcher dieser Regisseure schuf „Citizen Kane“?",
      "antworten": ["Orson Welles", "Alfred Hitchcock", "Stanley Kubrick", "Martin Scorsese"],
      "richtig": "Orson Welles"
    },
    {
      "frage": "Welcher dieser Musiker gehörte zur „Romantik“?",
      "antworten": ["Frédéric Chopin", "Johann Sebastian Bach", "Wolfgang Amadeus Mozart", "Joseph Haydn"],
      "richtig": "Frédéric Chopin"
    },
    {
      "frage": "Welcher dieser Maler war ein Vertreter des Kubismus?",
      "antworten": ["Pablo Picasso", "Claude Monet", "Paul Cézanne", "Diego Rivera"],
      "richtig": "Pablo Picasso"
    },
    {
      "frage": "Welcher dieser Schriftsteller verfasste „Die Brüder Karamasow“?",
      "antworten": ["Fjodor Dostojewski", "Leo Tolstoi", "Anton Tschechow", "Iwan Turgenew"],
      "richtig": "Fjodor Dostojewski"
    },
    {
      "frage": "Welcher dieser Komponisten schrieb „Die Planeten“?",
      "antworten": ["Gustav Holst", "Claude Debussy", "Igor Strawinsky", "Richard Strauss"],
      "richtig": "Gustav Holst"
    },
    {
      "frage": "Welcher dieser Philosophen verfasste „Sein und Zeit“?",
      "antworten": ["Martin Heidegger", "Immanuel Kant", "Jean-Paul Sartre", "Ludwig Wittgenstein"],
      "richtig": "Martin Heidegger"
    },
    {
      "frage": "Welcher dieser Dichter verfasste „Die göttliche Komödie“?",
      "antworten": ["Dante Alighieri", "Francesco Petrarca", "Giovanni Boccaccio", "Torquato Tasso"],
      "richtig": "Dante Alighieri"
    },
    {
      "frage": "Welcher dieser Regisseure schuf „Vertigo“?",
      "antworten": ["Alfred Hitchcock", "Martin Scorsese", "Stanley Kubrick", "Steven Spielberg"],
      "richtig": "Alfred Hitchcock"
    },
    {
      "frage": "Welcher dieser Architekten entwarf den Sagrada Família?",
      "antworten": ["Antoni Gaudí", "Le Corbusier", "Frank Lloyd Wright", "Ludwig Mies van der Rohe"],
      "richtig": "Antoni Gaudí"
    },
    {
      "frage": "Welcher dieser Schriftsteller verfasste „Die Blechtrommel“?",
      "antworten": ["Günter Grass", "Heinrich Böll", "Thomas Mann", "Hermann Hesse"],
      "richtig": "Günter Grass"
    },
    {
      "frage": "Welcher dieser Künstler schuf „Die Beständigkeit der Erinnerung“?",
      "antworten": ["Salvador Dalí", "Frida Kahlo", "Diego Rivera", "Henri Matisse"],
      "richtig": "Salvador Dalí"
    },
    {
      "frage": "Welcher dieser Schriftsteller war der Begründer des Magischen Realismus?",
      "antworten": ["Gabriel García Márquez", "José Saramago", "Julio Cortázar", "Isabel Allende"],
      "richtig": "Gabriel García Márquez"
    },
    {
      "frage": "Welcher dieser Fußballer erzielte bei der WM 1958 13 Tore?",
      "antworten": ["Just Fontaine", "Pelé", "Gerd Müller", "Diego Maradona"],
      "richtig": "Just Fontaine"
    },
    {
      "frage": "Welcher dieser Boxer wurde „The Greatest“ genannt?",
      "antworten": ["Muhammad Ali", "Mike Tyson", "Joe Frazier", "George Foreman"],
      "richtig": "Muhammad Ali"
    },
    {
      "frage": "Welcher dieser Sprinter stellte den 100-Meter-Weltrekord von 9,58 Sekunden auf?",
      "antworten": ["Usain Bolt", "Carl Lewis", "Maurice Greene", "Asafa Powell"],
      "richtig": "Usain Bolt"
    },
    {
      "frage": "Welcher dieser Tennisspieler gewann 20 Grand-Slam-Titel?",
      "antworten": ["Roger Federer", "Boris Becker", "Pete Sampras", "Andre Agassi"],
      "richtig": "Roger Federer"
    },
    {
      "frage": "Welcher dieser Formel-1-Fahrer wurde siebenmal Weltmeister?",
      "antworten": ["Michael Schumacher", "Ayrton Senna", "Niki Lauda", "James Hunt"],
      "richtig": "Michael Schumacher"
    },
    {
      "frage": "Welcher dieser Golfer gewann die meisten Major-Turniere?",
      "antworten": ["Jack Nicklaus", "Tiger Woods", "Arnold Palmer", "Phil Mickelson"],
      "richtig": "Jack Nicklaus"
    },
    {
      "frage": "Welcher dieser Leichtathleten hält den Weltrekord im Weitsprung?",
      "antworten": ["Mike Powell", "Carl Lewis", "Jesse Owens", "Bob Beamon"],
      "richtig": "Mike Powell"
    },
    {
      "frage": "Welcher dieser Schwimmer gewann bei den Olympischen Spielen in Peking 8 Goldmedaillen?",
      "antworten": ["Michael Phelps", "Mark Spitz", "Ian Thorpe", "Ryan Lochte"],
      "richtig": "Michael Phelps"
    },
    {
      "frage": "Welcher dieser Radfahrer gewann fünfmal die Tour de France?",
      "antworten": ["Eddy Merckx", "Miguel Indurain", "Lance Armstrong", "Chris Froome"],
      "richtig": "Eddy Merckx"
    },
    {
      "frage": "Welcher dieser Skirennläufer gewann die meisten Gesamtweltcups?",
      "antworten": ["Marcel Hirscher", "Hermann Maier", "Alberto Tomba", "Bode Miller"],
      "richtig": "Marcel Hirscher"
    },
    {
      "frage": "Welcher dieser Boxer war der letzte unumstrittene Schwergewichts-Weltmeister?",
      "antworten": ["Lennox Lewis", "Mike Tyson", "Evander Holyfield", "Wladimir Klitschko"],
      "richtig": "Lennox Lewis"
    },
    {
      "frage": "Welcher dieser Tennisprofis wurde „King of Clay“ genannt?",
      "antworten": ["Rafael Nadal", "Roger Federer", "Novak Djokovic", "Pete Sampras"],
      "richtig": "Rafael Nadal"
    },
    {
      "frage": "Welcher dieser Sprinter wurde bei den Olympischen Spielen in London 2012 Doppel-Olympiasieger?",
      "antworten": ["Usain Bolt", "Tyson Gay", "Yohan Blake", "Asafa Powell"],
      "richtig": "Usain Bolt"
    },
    {
      "frage": "Welcher dieser Fußballvereine hat die meisten Champions-League-Titel?",
      "antworten": ["Real Madrid", "FC Barcelona", "AC Mailand", "FC Bayern München"],
      "richtig": "Real Madrid"
    },
    {
      "frage": "Welcher dieser Athleten erzielte bei den Olympischen Spielen 1936 in Berlin vier Goldmedaillen?",
      "antworten": ["Jesse Owens", "Carl Lewis", "Paavo Nurmi", "Jim Thorpe"],
      "richtig": "Jesse Owens"
    },
    {
      "frage": "Welcher dieser Chemiker entwickelte das Periodensystem der Elemente?",
      "antworten": ["Dmitri Mendelejew", "Antoine Lavoisier", "Robert Boyle", "Ernest Rutherford"],
      "richtig": "Dmitri Mendelejew"
    },
    {
      "frage": "Welcher dieser Wirtschaftswissenschaftler entwickelte das „Unsichtbare-Hand-Konzept“?",
      "antworten": ["Adam Smith", "John Maynard Keynes", "Karl Marx", "David Ricardo"],
      "richtig": "Adam Smith"
    },
    {
      "frage": "Welcher dieser Städte wurde durch eine Atombombe am 6. August 1945 zerstört?",
      "antworten": ["Hiroshima", "Nagasaki", "Tokyo", "Osaka"],
      "richtig": "Hiroshima"
    },
    {
      "frage": "Welcher dieser Physiker entwickelte das Planck’sche Strahlungsgesetz?",
      "antworten": ["Max Planck", "Niels Bohr", "Albert Einstein", "Wilhelm Röntgen"],
      "richtig": "Max Planck"
    },
    {
      "frage": "Welcher dieser Mathematiker entwickelte die „Fibonacci-Folge“?",
      "antworten": ["Leonardo Fibonacci", "Blaise Pascal", "Pierre de Fermat", "John Napier"],
      "richtig": "Leonardo Fibonacci"
    },
    {
      "frage": "Welcher dieser Kontinente wurde durch James Cook erforscht?",
      "antworten": ["Australien", "Afrika", "Südamerika", "Nordamerika"],
      "richtig": "Australien"
    },
    {
      "frage": "Welcher dieser Astronomen entdeckte die Jupitermonde?",
      "antworten": ["Galileo Galilei", "Johannes Kepler", "Tycho Brahe", "Aristarchos von Samos"],
      "richtig": "Galileo Galilei"
    },
    {
      "frage": "Welcher dieser Physiker entwickelte das „Kugel-Blitz-Modell“ des Atoms?",
      "antworten": ["J. J. Thomson", "Ernest Rutherford", "Niels Bohr", "Albert Einstein"],
      "richtig": "J. J. Thomson"
    },
    {
      "frage": "Welcher dieser Mathematiker entwickelte die „Methode der kleinsten Quadrate“?",
      "antworten": ["Carl Friedrich Gauss", "Leonhard Euler", "David Hilbert", "John von Neumann"],
      "richtig": "Carl Friedrich Gauss"
    },
    {
      "frage": "Welcher dieser Schriftsteller wurde durch „Moby Dick“ berühmt?",
      "antworten": ["Herman Melville", "Mark Twain", "Ernest Hemingway", "F. Scott Fitzgerald"],
      "richtig": "Herman Melville"
    },
    {
      "frage": "Welcher dieser Maler schuf „Die Nachtwache“?",
      "antworten": ["Rembrandt", "Peter Paul Rubens", "Jan Vermeer", "Hieronymus Bosch"],
      "richtig": "Rembrandt"
    },
    {
      "frage": "Welcher dieser Architekten entwarf das „Fallingwater House“?",
      "antworten": ["Frank Lloyd Wright", "Le Corbusier", "Ludwig Mies van der Rohe", "Oscar Niemeyer"],
      "richtig": "Frank Lloyd Wright"
    },
    {
      "frage": "Welcher dieser Schriftsteller verfasste „Auf der Suche nach der verlorenen Zeit“?",
      "antworten": ["Marcel Proust", "Honoré de Balzac", "Émile Zola", "Gustave Flaubert"],
      "richtig": "Marcel Proust"
    },
    {
      "frage": "Welcher dieser Philosophen verfasste „Kritik der reinen Vernunft“?",
      "antworten": ["Immanuel Kant", "Georg Wilhelm Friedrich Hegel", "Arthur Schopenhauer", "Martin Heidegger"],
      "richtig": "Immanuel Kant"
    },
    {
      "frage": "Welcher dieser Physiker entwickelte das „Unschärferelation“?",
      "antworten": ["Werner Heisenberg", "Niels Bohr", "Erwin Schrödinger", "Max Planck"],
      "richtig": "Werner Heisenberg"
    },
    {
      "frage": "Welcher dieser Komponisten schrieb „Die Moldau“?",
      "antworten": ["Bedřich Smetana", "Antonín Dvořák", "Franz Liszt", "Johannes Brahms"],
      "richtig": "Bedřich Smetana"
    },
    {
      "frage": "Welcher dieser Maler schuf „Der Garten der Lüste“?",
      "antworten": ["Hieronymus Bosch", "Albrecht Dürer", "Pieter Bruegel der Ältere", "Jan van Eyck"],
      "richtig": "Hieronymus Bosch"
    },
    {
      "frage": "Welcher dieser Regisseure schuf „2001: Odyssee im Weltraum“?",
      "antworten": ["Stanley Kubrick", "Ridley Scott", "George Lucas", "Andrei Tarkowski"],
      "richtig": "Stanley Kubrick"
    },
    {
      "frage": "Welcher dieser Dichter verfasste „Faust“?",
      "antworten": ["Johann Wolfgang von Goethe", "Friedrich Schiller", "Heinrich Heine", "Theodor Fontane"],
      "richtig": "Johann Wolfgang von Goethe"
    },
    {
      "frage": "Welcher dieser Musiker komponierte „Die Zauberflöte“?",
      "antworten": ["Wolfgang Amadeus Mozart", "Ludwig van Beethoven", "Joseph Haydn", "Franz Schubert"],
      "richtig": "Wolfgang Amadeus Mozart"
    },
    {
      "frage": "Welcher dieser Astronomen entwickelte die Gesetze der Planetenbewegung?",
      "antworten": ["Johannes Kepler", "Galileo Galilei", "Tycho Brahe", "Aristoteles"],
      "richtig": "Johannes Kepler"
    },
    {
      "frage": "Welcher dieser Mathematiker entwickelte die Mengenlehre?",
      "antworten": ["Georg Cantor", "Richard Dedekind", "Henri Poincaré", "David Hilbert"],
      "richtig": "Georg Cantor"
    },
    {
      "frage": "Welcher dieser Biologen entwickelte die Evolutionstheorie durch natürliche Selektion?",
      "antworten": ["Charles Darwin", "Gregor Mendel", "Jean-Baptiste Lamarck", "Carl Linnaeus"],
      "richtig": "Charles Darwin"
    },
    {
      "frage": "Welcher dieser Physiker entwickelte die Quantenmechanik?",
      "antworten": ["Werner Heisenberg", "Isaac Newton", "Galileo Galilei", "James Clerk Maxwell"],
      "richtig": "Werner Heisenberg"
    }
  ],
  "schwer": [
    {
      "frage": "Welcher antike Mathematiker schrieb das Werk „Die Elemente“?",
      "antworten": ["Euklid", "Archimedes", "Aristoteles", "Ptolemaios"],
      "richtig": "Euklid"
    },
    {
      "frage": "Welches Element hat die höchste Schmelztemperatur?",
      "antworten": ["Wolfram", "Platin", "Iridium", "Rhenium"],
      "richtig": "Wolfram"
    },
    {
      "frage": "Welcher Philosoph entwickelte den „Kategorischen Imperativ“?",
      "antworten": ["Immanuel Kant", "Georg Wilhelm Friedrich Hegel", "Arthur Schopenhauer", "Søren Kierkegaard"],
      "richtig": "Immanuel Kant"
    },
    {
      "frage": "Welcher Künstler malte „Die Schule von Athen“?",
      "antworten": ["Raffael", "Caravaggio", "Tizian", "Andrea Mantegna"],
      "richtig": "Raffael"
    },
    {
      "frage": "Welcher Astronom entwickelte das heliozentrische Weltbild?",
      "antworten": ["Nikolaus Kopernikus", "Claudius Ptolemäus", "Aristarchos von Samos", "Tycho Brahe"],
      "richtig": "Nikolaus Kopernikus"
    },
    {
      "frage": "Welcher dieser Romane wurde von James Joyce verfasst?",
      "antworten": ["Ulysses", "Auf der Suche nach der verlorenen Zeit", "Der Prozess", "Der Fänger im Roggen"],
      "richtig": "Ulysses"
    },
    {
      "frage": "Welcher Physiker entwickelte das „Unscharferelation“Prinzip?",
      "antworten": ["Werner Heisenberg", "Niels Bohr", "Erwin Schrödinger", "Max Planck"],
      "richtig": "Werner Heisenberg"
    },
    {
      "frage": "Welcher dieser Politiker war erster Premierminister Indiens?",
      "antworten": ["Jawaharlal Nehru", "Mohandas Gandhi", "Rajendra Prasad", "Lal Bahadur Shastri"],
      "richtig": "Jawaharlal Nehru"
    },
    {
      "frage": "Welcher Komponist schrieb das „Requiem“ in dMoll?",
      "antworten": ["Wolfgang Amadeus Mozart", "Franz Schubert", "Giuseppe Verdi", "Gabriel Fauré"],
      "richtig": "Wolfgang Amadeus Mozart"
    },
    {
      "frage": "Welcher dieser Chemiker entwickelte das Periodensystem?",
      "antworten": ["Dmitri Mendelejew", "Antoine Lavoisier", "Robert Boyle", "John Dalton"],
      "richtig": "Dmitri Mendelejew"
    },
    {
      "frage": "Welches dieser Länder war bis 1999 eine portugiesische Kolonie?",
      "antworten": ["Macau", "TimorLeste", "Kap Verde", "GuineaBissau"],
      "richtig": "Macau"
    },
    {
      "frage": "Welcher Architekt entwarf den Dom von Florenz?",
      "antworten": ["Filippo Brunelleschi", "Gian Lorenzo Bernini", "Andrea Palladio", "Le Corbusier"],
      "richtig": "Filippo Brunelleschi"
    },
    {
      "frage": "Welcher dieser Mathematiker entwickelte die Infinitesimalrechnung?",
      "antworten": ["Isaac Newton", "Carl Friedrich Gauss", "Leonhard Euler", "Évariste Galois"],
      "richtig": "Isaac Newton"
    },
    {
      "frage": "Welcher Philosoph schrieb „Sein und Zeit“?",
      "antworten": ["Martin Heidegger", "JeanPaul Sartre", "Maurice MerleauPonty", "Edmund Husserl"],
      "richtig": "Martin Heidegger"
    },
    {
      "frage": "Welcher Physiker entwickelte das „MassenEnergieÄquivalent“?",
      "antworten": ["Albert Einstein", "James Clerk Maxwell", "Michael Faraday", "Ernest Rutherford"],
      "richtig": "Albert Einstein"
    },
    {
      "frage": "Welcher Maler schuf „Das Mädchen mit dem Perlenohrring“?",
      "antworten": ["Jan Vermeer", "Rembrandt van Rijn", "Frans Hals", "Hieronymus Bosch"],
      "richtig": "Jan Vermeer"
    },
    {
      "frage": "Welcher dieser Schriftsteller schrieb „Die göttliche Komödie“?",
      "antworten": ["Dante Alighieri", "Giovanni Boccaccio", "Francesco Petrarca", "Umberto Eco"],
      "richtig": "Dante Alighieri"
    },
    {
      "frage": "Welcher dieser Komponisten ist bekannt für „Le Sacre du Printemps“?",
      "antworten": ["Igor Strawinsky", "Sergei Prokofjew", "Dmitri Schostakowitsch", "Aram Chatschaturjan"],
      "richtig": "Igor Strawinsky"
    },
    {
      "frage": "Welcher dieser Staatsmänner prägte den „New Deal“?",
      "antworten": ["Franklin D. Roosevelt", "Harry S. Truman", "Woodrow Wilson", "Calvin Coolidge"],
      "richtig": "Franklin D. Roosevelt"
    },
    {
      "frage": "Welcher dieser Astronomen entwickelte das „Tychonische System“?",
      "antworten": ["Tycho Brahe", "Johannes Kepler", "Galileo Galilei", "Aristoteles"],
      "richtig": "Tycho Brahe"
    },
    {
      "frage": "Welcher dieser Mathematiker entwickelte die „Mengenlehre“?",
      "antworten": ["Georg Cantor", "Richard Dedekind", "Kurt Gödel", "Alan Turing"],
      "richtig": "Georg Cantor"
    },
    {
      "frage": "Welcher dieser Biologen entwickelte das „LinnéSystem“ zur Klassifizierung der Lebewesen?",
      "antworten": ["Carl von Linné", "Charles Darwin", "Gregor Mendel", "JeanBaptiste de Lamarck"],
      "richtig": "Carl von Linné"
    },
    {
      "frage": "Welcher dieser Physiker entwickelte die „Quantenfeldtheorie“?",
      "antworten": ["Richard Feynman", "Niels Bohr", "Albert Einstein", "Erwin Schrödinger"],
      "richtig": "Richard Feynman"
    },
    {
      "frage": "Welcher dieser Historiker schrieb „Der Untergang des Römischen Reiches“?",
      "antworten": ["Edward Gibbon", "Theodor Mommsen", "Herodot", "Polybios"],
      "richtig": "Edward Gibbon"
    },
    {
      "frage": "Welcher dieser Bildhauer schuf „David“?",
      "antworten": ["Michelangelo Buonarroti", "Gian Lorenzo Bernini", "Donatello", "Antonio Canova"],
      "richtig": "Michelangelo Buonarroti"
    },
    {
      "frage": "Welcher dieser Staatsmänner wurde durch die „Eiserne Lady“ bekannt?",
      "antworten": ["Margaret Thatcher", "Angela Merkel", "Golda Meir", "Indira Gandhi"],
      "richtig": "Margaret Thatcher"
    },
    {
      "frage": "Welcher dieser Musiker komponierte „Die Planeten“?",
      "antworten": ["Gustav Holst", "Richard Strauss", "Edward Elgar", "Claude Debussy"],
      "richtig": "Gustav Holst"
    },
    {
      "frage": "Welcher dieser Philosophen entwickelte den „Utilitarismus“?",
      "antworten": ["Jeremy Bentham", "John Locke", "Thomas Hobbes", "G.W.F. Hegel"],
      "richtig": "Jeremy Bentham"
    },
    {
      "frage": "Welcher dieser Schriftsteller verfasste „Der Prozess“?",
      "antworten": ["Franz Kafka", "Stefan Zweig", "Rainer Maria Rilke", "Hermann Hesse"],
      "richtig": "Franz Kafka"
    },
    {
      "frage": "Welcher dieser Archäologen entdeckte Troja?",
      "antworten": ["Heinrich Schliemann", "Howard Carter", "Arthur Evans", "Flinders Petrie"],
      "richtig": "Heinrich Schliemann"
    },
    {
      "frage": "Welcher dieser Physiker entwickelte das „PauliAusschlussprinzip“?",
      "antworten": ["Wolfgang Pauli", "Max Planck", "Richard Feynman", "Erwin Schrödinger"],
      "richtig": "Wolfgang Pauli"
    },
    {
      "frage": "Welcher dieser Astronomen entwickelte das „HubbleGesetz“?",
      "antworten": ["Edwin Hubble", "Carl Sagan", "Stephen Hawking", "Clyde Tombaugh"],
      "richtig": "Edwin Hubble"
    },
    {
      "frage": "Welcher dieser Bildhauer schuf „Die Bürger von Calais“?",
      "antworten": ["Auguste Rodin", "JeanBaptiste Carpeaux", "Camille Claudel", "Aristide Maillol"],
      "richtig": "Auguste Rodin"
    },
    {
      "frage": "Welcher dieser Historiker schrieb „Die Geschichte des Peloponnesischen Krieges“?",
      "antworten": ["Thukydides", "Herodot", "Xenophon", "Polybios"],
      "richtig": "Thukydides"
    },
    {
      "frage": "Welcher dieser Mathematiker entwickelte das „Bahnkonzept der Mechanik“?",
      "antworten": ["JosephLouis Lagrange", "PierreSimon Laplace", "Henri Poincaré", "Leonhard Euler"],
      "richtig": "JosephLouis Lagrange"
    },
    {
      "frage": "Welcher dieser Architekten entwarf das Opernhaus von Sydney?",
      "antworten": ["Jørn Utzon", "Le Corbusier", "Renzo Piano", "Oscar Niemeyer"],
      "richtig": "Jørn Utzon"
    },
    {
      "frage": "Welcher dieser Physiker entwickelte das „Bild der Schwarzen Löcher“?",
      "antworten": ["Roger Penrose", "Kip Thorne", "Stephen Hawking", "Subrahmanyan Chandrasekhar"],
      "richtig": "Roger Penrose"
    },
    {
      "frage": "Welcher dieser Schriftsteller verfasste „Krieg und Frieden“?",
      "antworten": ["Lew Tolstoi", "Fjodor Dostojewski", "Iwan Turgenew", "Anton Tschechow"],
      "richtig": "Lew Tolstoi"
    },
    {
      "frage": "Welcher dieser Komponisten schrieb „La Traviata“?",
      "antworten": ["Giuseppe Verdi", "Giacomo Puccini", "Gaetano Donizetti", "Vincenzo Bellini"],
      "richtig": "Giuseppe Verdi"
    },
    {
      "frage": "Welcher dieser Politiker war erster Staatspräsident der Türkei?",
      "antworten": ["Mustafa Kemal Atatürk", "İsmet İnönü", "Celâl Bayar", "Süleyman Demirel"],
      "richtig": "Mustafa Kemal Atatürk"
    },
    {
      "frage": "Welcher dieser Philosophen schrieb „Also sprach Zarathustra“?",
      "antworten": ["Friedrich Nietzsche", "Søren Kierkegaard", "Arthur Schopenhauer", "Ludwig Wittgenstein"],
      "richtig": "Friedrich Nietzsche"
    },
    {
      "frage": "Welcher dieser Physiker entdeckte das „Elektron“?",
      "antworten": ["J.J. Thomson", "Ernest Rutherford", "Niels Bohr", "Max Planck"],
      "richtig": "J.J. Thomson"
    },
    {
      "frage": "Welcher dieser Historiker schrieb „Annales“?",
      "antworten": ["Tacitus", "Livius", "Sueton", "Plutarch"],
      "richtig": "Tacitus"
    },
    {
      "frage": "Welcher dieser Schriftsteller schrieb „Die Verwandlung“?",
      "antworten": ["Franz Kafka", "Thomas Mann", "Robert Musil", "Stefan Zweig"],
      "richtig": "Franz Kafka"
    },
    {
      "frage": "Welcher dieser Astronomen entdeckte den Planeten Uranus?",
      "antworten": ["Wilhelm Herschel", "Galileo Galilei", "Giovanni Cassini", "Tycho Brahe"],
      "richtig": "Wilhelm Herschel"
    },
    {
      "frage": "Welcher dieser Physiker entwickelte die „Theorie der Supraleitung“?",
      "antworten": ["John Bardeen", "Enrico Fermi", "Richard Feynman", "Max Born"],
      "richtig": "John Bardeen"
    },
    {
      "frage": "Welcher dieser Schriftsteller verfasste „MobyDick“?",
      "antworten": ["Herman Melville", "Mark Twain", "Nathaniel Hawthorne", "F. Scott Fitzgerald"],
      "richtig": "Herman Melville"
    },
    {
      "frage": "Welcher dieser Mathematiker entwickelte die „Differentialgeometrie“?",
      "antworten": ["Carl Friedrich Gauss", "Bernhard Riemann", "David Hilbert", "Henri Poincaré"],
      "richtig": "Carl Friedrich Gauss"
    },
    {
      "frage": "Welcher dieser Physiker entwickelte das „Bohrsche Atommodell“?",
      "antworten": ["Niels Bohr", "Albert Einstein", "J.J. Thomson", "Ernest Rutherford"],
      "richtig": "Niels Bohr"
    },
    {
      "frage": "Welcher dieser Historiker schrieb „Geschichte der Kunst des Altertums“?",
      "antworten": ["Johann Joachim Winckelmann", "Jacob Burckhardt", "Ernst Gombrich", "Heinrich Wölfflin"],
      "richtig": "Johann Joachim Winckelmann"
    },
    {
      "frage": "Welcher dieser Chemiker entwickelte das „Periodic Table“?",
      "antworten": ["Dmitri Mendelejew", "Lothar Meyer", "Robert Bunsen", "Justus von Liebig"],
      "richtig": "Dmitri Mendelejew"
    },
    {
      "frage": "Welcher dieser Architekten entwarf die „Villa Savoye“?",
      "antworten": ["Le Corbusier", "Frank Lloyd Wright", "Ludwig Mies van der Rohe", "Walter Gropius"],
      "richtig": "Le Corbusier"
    },
    {
      "frage": "Welcher dieser Bildhauer schuf „Pietà“?",
      "antworten": ["Michelangelo Buonarroti", "Gian Lorenzo Bernini", "Donatello", "Auguste Rodin"],
      "richtig": "Michelangelo Buonarroti"
    },
    {
      "frage": "Welcher dieser Musiker komponierte „Die Jahreszeiten“?",
      "antworten": ["Antonio Vivaldi", "Joseph Haydn", "George Frideric Handel", "Henry Purcell"],
      "richtig": "Antonio Vivaldi"
    },
    {
      "frage": "Welcher dieser Philosophen schrieb „Ethik“?",
      "antworten": ["Baruch Spinoza", "Thomas von Aquin", "René Descartes", "David Hume"],
      "richtig": "Baruch Spinoza"
    },
    {
      "frage": "Welcher dieser Mathematiker entwickelte das „Fermatsche Prinzip“?",
      "antworten": ["Pierre de Fermat", "Blaise Pascal", "René Descartes", "Isaac Newton"],
      "richtig": "Pierre de Fermat"
    },
    {
      "frage": "Welche Person ist für die berühmten 17 sekunden bekannt?",
      "antworten": ["Ignaz Vales", "Frederic Sandstede", "Niklas Römer", "Hannes Jansen"],
      "richtig": "Ignaz Vales"
    },
    {
      "frage": "Welcher dieser Archäologen entdeckte das Grab des Tutanchamun?",
      "antworten": ["Howard Carter", "Zahi Hawass", "Heinrich Schliemann", "Arthur Evans"],
      "richtig": "Howard Carter"
    },
    {
      "frage": "Welcher dieser Physiker entwickelte das „PauliAusschlussprinzip“?",
      "antworten": ["Wolfgang Pauli", "Enrico Fermi", "Paul Dirac", "Erwin Schrödinger"],
      "richtig": "Wolfgang Pauli"
    },
    {
      "frage": "Welcher dieser Astronomen entwickelte das „TitiusBodeGesetz“?",
      "antworten": ["Johann Daniel Titius", "Tycho Brahe", "Galileo Galilei", "Edwin Hubble"],
      "richtig": "Johann Daniel Titius"
    },
    {
      "frage": "Welcher dieser Mathematiker entwickelte die „Riemannsche Geometrie“?",
      "antworten": ["Bernhard Riemann", "David Hilbert", "Henri Poincaré", "Carl Friedrich Gauss"],
      "richtig": "Bernhard Riemann"
    },
    {
      "frage": "Welcher dieser Historiker schrieb „Decline and Fall of the Roman Empire“?",
      "antworten": ["Edward Gibbon", "Theodor Mommsen", "Livy", "Tacitus"],
      "richtig": "Edward Gibbon"
    },
    {
      "frage": "Welcher dieser Schriftsteller verfasste „Die Buddenbrooks“?",
      "antworten": ["Thomas Mann", "Heinrich Mann", "Theodor Fontane", "Hermann Hesse"],
      "richtig": "Thomas Mann"
    },
    {
      "frage": "Welcher dieser Bildhauer schuf „David“?",
      "antworten": ["Donatello", "Michelangelo Buonarroti", "Gian Lorenzo Bernini", "Antonio Canova"],
      "richtig": "Donatello"
    },
    {
      "frage": "Welcher dieser Musiker komponierte „Fidelio“?",
      "antworten": ["Ludwig van Beethoven", "Richard Wagner", "Franz Schubert", "Carl Maria von Weber"],
      "richtig": "Ludwig van Beethoven"
    },
    {
      "frage": "Welcher dieser Philosophen schrieb „Kritik der reinen Vernunft“?",
      "antworten": ["Immanuel Kant", "Georg Wilhelm Friedrich Hegel", "Friedrich Nietzsche", "Karl Marx"],
      "richtig": "Immanuel Kant"
    },
    {
      "frage": "Welcher dieser Mathematiker entwickelte den „Bayesschen Satz“?",
      "antworten": ["Thomas Bayes", "Carl Friedrich Gauss", "Leonhard Euler", "PierreSimon Laplace"],
      "richtig": "Thomas Bayes"
    },
    {
      "frage": "Welcher dieser Architekten entwarf das „GuggenheimMuseum“ in New York?",
      "antworten": ["Frank Lloyd Wright", "Ludwig Mies van der Rohe", "Le Corbusier", "Zaha Hadid"],
      "richtig": "Frank Lloyd Wright"
    },
    {
      "frage": "Welcher dieser Historiker schrieb „The History of the Peloponnesian War“?",
      "antworten": ["Thucydides", "Herodotus", "Xenophon", "Polybius"], 
      "richtig": "Thucydides"
    },
    {
      "frage": "Welcher dieser Physiker entwickelte das „BohrSommerfeldModell“?",
      "antworten": ["Niels Bohr", "Arnold Sommerfeld", "Wolfgang Pauli", "Paul Dirac"],
      "richtig": "Niels Bohr"
    },
    {
      "frage": "Welcher dieser Astronomen entwickelte das „Heliozentrische System“?",
      "antworten": ["Nikolaus Kopernikus", "Tycho Brahe", "Galileo Galilei", "Claudius Ptolemäus"],
      "richtig": "Nikolaus Kopernikus"
    },
    {
      "frage": "Welcher dieser Mathematiker entwickelte das „Integralzeichen“?",
      "antworten": ["Gottfried Wilhelm Leibniz", "Isaac Newton", "Leonhard Euler", "JosephLouis Lagrange"],
      "richtig": "Gottfried Wilhelm Leibniz"
    },
    {
      "frage": "Welcher dieser Schriftsteller verfasste „Auf der Suche nach der verlorenen Zeit“?",
      "antworten": ["Marcel Proust", "Gustave Flaubert", "Émile Zola", "Victor Hugo"],
      "richtig": "Marcel Proust"
    },
    {
      "frage": "Welcher dieser Bildhauer schuf „Die drei Grazien“?",
      "antworten": ["Antonio Canova", "Gian Lorenzo Bernini", "Auguste Rodin", "JeanBaptiste Carpeaux"],
      "richtig": "Antonio Canova"
    },
    {
      "frage": "Welcher dieser Physiker entwickelte das „Plancksche Wirkungsquantum“?",
      "antworten": ["Max Planck", "Albert Einstein", "Niels Bohr", "Enrico Fermi"],
      "richtig": "Max Planck"
    },
    {
      "frage": "Welcher dieser Historiker schrieb „Römische Geschichte“?",
      "antworten": ["Theodor Mommsen", "Tacitus", "Livy", "Suetonius"],
      "richtig": "Theodor Mommsen"
    },
    {
      "frage": "Welcher dieser Schriftsteller verfasste „Effi Briest“?",
      "antworten": ["Theodor Fontane", "Heinrich Mann", "Thomas Mann", "Hermann Hesse"],
      "richtig": "Theodor Fontane"
    },
    {
      "frage": "Welcher dieser Physiker entwickelte das „Elektronenmikroskop“?",
      "antworten": ["Ernst Ruska", "Max Knoll", "Manfred von Ardenne", "Albert Einstein"],
      "richtig": "Ernst Ruska"
    },
    {
      "frage": "Welcher dieser Architekten entwarf „Fallingwater“?",
      "antworten": ["Frank Lloyd Wright", "Le Corbusier", "Ludwig Mies van der Rohe", "Walter Gropius"],
      "richtig": "Frank Lloyd Wright"
    },
    {
      "frage": "Welcher dieser Mathematiker entwickelte die „LaplaceTransformierte“?",
      "antworten": ["PierreSimon Laplace", "JosephLouis Lagrange", "Carl Friedrich Gauss", "Leonhard Euler"],
      "richtig": "PierreSimon Laplace"
    },
    {
      "frage": "Welcher dieser Schriftsteller verfasste „Die Blechtrommel“?",
      "antworten": ["Günter Grass", "Heinrich Böll", "Thomas Mann", "Hermann Hesse"],
      "richtig": "Günter Grass"
    },
    {
      "frage": "Welcher dieser Historiker schrieb „Meditationen über die erste Philosophie“?",
      "antworten": ["René Descartes", "Baruch Spinoza", "David Hume", "John Locke"],
      "richtig": "René Descartes"
    },
    {
      "frage": "Welcher dieser Astronomen entdeckte den SaturnMond „Titan“?",
      "antworten": ["Christiaan Huygens", "Galileo Galilei", "Giovanni Cassini", "William Herschel"],
      "richtig": "Christiaan Huygens"
    },
    {
      "frage": "Welcher dieser Physiker entwickelte das „PauliAusschlussprinzip“?",
      "antworten": ["Wolfgang Pauli", "Niels Bohr", "Albert Einstein", "Richard Feynman"],
      "richtig": "Wolfgang Pauli"
    },
    {
      "frage": "Welcher dieser Mathematiker entwickelte die „FourierReihe“?",
      "antworten": ["Joseph Fourier", "Henri Poincaré", "AugustinLouis Cauchy", "Bernhard Riemann"],
      "richtig": "Joseph Fourier"
    },
    {
      "frage": "Welcher dieser Schriftsteller verfasste „Der Zauberberg“?",
      "antworten": ["Thomas Mann", "Hermann Hesse", "Stefan Zweig", "Heinrich Mann"],
      "richtig": "Thomas Mann"
    },
    {
      "frage": "Welcher dieser Archäologen entdeckte „Knossos“?",
      "antworten": ["Arthur Evans", "Heinrich Schliemann", "Howard Carter", "Sir Mortimer Wheeler"],
      "richtig": "Arthur Evans"
    },
    {
      "frage": "Welcher dieser Physiker entwickelte das „Laserprinzip“?",
      "antworten": ["Theodore Maiman", "Albert Einstein", "Charles Townes", "Max Planck"],
      "richtig": "Theodore Maiman"
    },
    {
      "frage": "Welcher dieser Mathematiker entwickelte das „Poissonsche Gesetz“?",
      "antworten": ["SiméonDenis Poisson", "JosephLouis Lagrange", "PierreSimon Laplace", "AdrienMarie Legendre"],
      "richtig": "SiméonDenis Poisson"
    },
    {
      "frage": "Welcher dieser Schriftsteller verfasste „Der Steppenwolf“?",
      "antworten": ["Hermann Hesse", "Thomas Mann", "Stefan Zweig", "Robert Musil"],
      "richtig": "Hermann Hesse"
    },
    {
      "frage": "Welcher dieser Astronomen entdeckte den Zwergplaneten „Ceres“?",
      "antworten": ["Giuseppe Piazzi", "William Herschel", "Galileo Galilei", "Carl Friedrich Gauss"],
      "richtig": "Giuseppe Piazzi"
    },
    {
      "frage": "Welcher dieser Physiker entwickelte das „FermiDiracStatistik“?",
      "antworten": ["Enrico Fermi", "Paul Dirac", "Wolfgang Pauli", "Richard Feynman"],
      "richtig": "Enrico Fermi"
    },
    {
      "frage": "Welcher dieser Historiker schrieb „Die Geschichte des Dreißigjährigen Krieges“?",
      "antworten": ["Friedrich Schiller", "Leopold von Ranke", "Theodor Mommsen", "Ernst Nolte"],
      "richtig": "Friedrich Schiller"
    },
    {
      "frage": "Welcher dieser Mathematiker entwickelte das „BernoulliPrinzip“?",
      "antworten": ["Daniel Bernoulli", "Jakob Bernoulli", "Johann Bernoulli", "Leonhard Euler"],
      "richtig": "Daniel Bernoulli"
    },
    {
      "frage": "Welcher dieser Schriftsteller verfasste „Faust“?",
      "antworten": ["Johann Wolfgang von Goethe", "Friedrich Schiller", "Heinrich Heine", "Theodor Fontane"],
      "richtig": "Johann Wolfgang von Goethe"
    },
    {
      "frage": "Welcher dieser Astronomen entdeckte den Planeten Neptun?",
      "antworten": ["Johann Gottfried Galle", "William Herschel", "Urbain Le Verrier", "Giuseppe Piazzi"],
      "richtig": "Johann Gottfried Galle"
    },
    {
      "frage": "Welcher dieser Physiker entwickelte das „Zwillingsparadoxon“?",
      "antworten": ["Albert Einstein", "Niels Bohr", "Paul Dirac", "Richard Feynman"],
      "richtig": "Albert Einstein"
    },
    {
      "frage": "Welcher dieser Historiker schrieb „Die Geschichte der Kreuzzüge“?",
      "antworten": ["Steven Runciman", "Edward Gibbon", "Theodor Mommsen", "Herodot"],
      "richtig": "Steven Runciman"
    }
  ]
}
